{"13mod1": [237.08002945173448, 246.73373876248843, 265.8892820570333, 276.71608110779954, 287.98373876248843, 310.3417875792335, 322.9786571257661, 336.1300899000925, 362.22605278694596, 376.97560814373264, 406.2426740059166, 422.78455099802704, 440.0, 474.16005890346895, 493.46747752497686, 531.7785641140666, 553.4321622155991, 575.9674775249769, 620.683575158467, 645.9573142515322, 672.260179800185, 724.4521055738919, 753.9512162874653, 812.4853480118333, 845.5691019960541]}{"8mod1": [246.73373876248843, 276.71608110779954, 287.98373876248843, 322.9786571257661, 336.1300899000925, 376.97560814373264, 422.78455099802704, 440.0, 493.46747752497686, 553.4321622155991, 575.9674775249769, 645.9573142515322, 672.260179800185, 753.9512162874653, 845.5691019960541]}{"5mod1": [246.73373876248843, 287.98373876248843, 336.1300899000925, 376.97560814373264, 440.0, 493.46747752497686, 575.9674775249769, 672.260179800185, 753.9512162874653]}{"3mod1": [287.98373876248843, 336.1300899000925, 440.0, 575.9674775249769, 672.260179800185]}{"2mod1": [336.1300899000925, 440.0, 672.260179800185]}{"1mod1": [672.260179800185]}